0,"""578ad3f"""
1,"""4c75333"""
2,"""41bf81c"""
3,"""d5e5d57"""
4,"""f9e8e12"""
5,"""e260ec1"""
6,"""1aa108b"""
7,"""bc6c6fc"""
8,"""1f28f11"""
9,"""1df88c9"""
10,"""49a8f0d"""
11,"""0911093"""
12,"""90f7d91"""
13,"""b2fb58a"""
14,"""9495d74"""
15,"""b4e5406"""
16,"""e8e62d3"""
17,"""1c97427"""
18,"""11c0b84"""
19,"""e59a668"""
20,"""7f12812"""
21,"""23024de"""
22,"""7c59636"""
23,"""bd67c28"""
24,"""8d95d9b"""
25,"""b11c57d"""
26,"""f2c8b9f"""
27,"""3ec0c8b"""
28,"""d1a69fb"""
29,"""439dd42"""
30,"""1ece54a"""
31,"""fd5f7ba"""
32,"""dca19d5"""
33,"""f362539"""
34,"""cfcb5c2"""
35,"""0668b8c"""
36,"""1960ba5"""
37,"""4d169f6"""
38,"""287aa6b"""
39,"""0c1c6c4"""
40,"""84fa387"""
41,"""a74125a"""
42,"""4b37771"""
43,"""6bfe3b0"""
44,"""f72dd88"""
45,"""688d45c"""
46,"""e693038"""
47,"""ee931ec"""
48,"""c0cfcf5"""
49,"""592f0ae"""
50,"""81e883a"""
51,"""15804ad"""
52,"""075838c"""
53,"""7bde4cc"""
54,"""f616598"""
55,"""b0423b7"""
56,"""15ee88f"""
57,"""045fb78"""
58,"""e38467a"""
59,"""0ec0a2f"""
60,"""b0edfc1"""
61,"""f34188d"""
62,"""311ee9d"""
63,"""ed5ad26"""
64,"""64e6f29"""
65,"""b9412b3"""
66,"""b416f72"""
67,"""818f8a4"""
68,"""6e77c55"""
69,"""8ac4e9e"""
70,"""7e58c0c"""
71,"""92ee81d"""
72,"""0c451d0"""
73,"""2ecc63a"""
74,"""c061419"""
75,"""0e82eba"""
76,"""29ffd49"""
77,"""e5083ed"""
78,"""f5273e0"""
79,"""d5030d0"""
80,"""530fe6f"""
81,"""cee4928"""
82,"""14c7118"""
83,"""c9b675a"""
84,"""ee6db4f"""
85,"""0a6dd2a"""
86,"""5eb533b"""
87,"""1b06a3b"""
88,"""0cb88cb"""
89,"""91cebc2"""
90,"""ade5e76"""
91,"""d475e98"""
92,"""5bc9671"""
93,"""343e6c4"""
94,"""221d894"""
95,"""f3390b1"""
96,"""3260f42"""
97,"""cfeb331"""
98,"""12a3bde"""
99,"""1f17c59"""
100,"""15b219e"""
101,"""c1ccb21"""
102,"""f8c936c"""
103,"""76184b1"""
104,"""a4c4d9e"""
105,"""e4c987b"""
106,"""44c174a"""
107,"""de08990"""
108,"""d6f0752"""
109,"""61fee86"""
110,"""d1a822c"""
111,"""59908af"""
112,"""10a7a95"""
113,"""50d53ac"""
114,"""4c3dbbc"""
115,"""d439150"""
116,"""dfd2ac4"""
117,"""762b4af"""
118,"""b2ceab2"""
119,"""ca0dbf9"""
120,"""3a92fe3"""
121,"""11f25bf"""
122,"""81e5d28"""
123,"""dc45860"""
124,"""1cab76c"""
125,"""ff09bad"""
126,"""12809f6"""
127,"""a758c52"""
128,"""a71205d"""
129,"""7587598"""
130,"""e863b36"""
131,"""1bbb037"""
132,"""9ceb873"""
133,"""2f28bdb"""
134,"""4bd5c80"""
135,"""8858e7d"""
136,"""6a0264e"""
137,"""531b2e8"""
138,"""38b0eb3"""
139,"""2f5d669"""
140,"""cae28c2"""
141,"""594b2e1"""
142,"""793c194"""
143,"""9acc877"""
144,"""7989e7e"""
145,"""aa4895d"""
146,"""5bf931f"""
147,"""93d4aa5"""
148,"""10dcd09"""
149,"""722a94a"""
150,"""88bfc6f"""
151,"""4a80520"""
152,"""c44c543"""
153,"""c7717a6"""
154,"""8e5cadd"""
155,"""b3cd3bc"""
156,"""a6dde67"""
157,"""38c872b"""
158,"""b90fcdb"""
159,"""0db7520"""
160,"""2f52de8"""
161,"""d41a198"""
162,"""fc962c3"""
163,"""5d73079"""
164,"""6726884"""
165,"""fb9173b"""
166,"""ce0d547"""
167,"""5859eda"""
168,"""58675ae"""
169,"""6b7ed3e"""
170,"""cd06583"""
171,"""c1c2777"""
172,"""c5f263c"""
173,"""68ca61e"""
174,"""4b6ce70"""
175,"""e00ea49"""
176,"""3be9411"""
177,"""897b9f7"""
178,"""5099b65"""
179,"""d7234bf"""
180,"""85e1ecf"""
181,"""949d629"""
182,"""b4400f1"""
183,"""840a834"""
184,"""9793a11"""
185,"""d6a09e2"""
186,"""f9bf8fd"""
187,"""029a4f6"""
188,"""2dcf0bf"""
189,"""528fabf"""
190,"""28cd898"""
191,"""0da1da5"""
192,"""2a7416b"""
193,"""a93be60"""
194,"""212040d"""
195,"""69fed93"""
196,"""8b177af"""
197,"""07551ff"""
198,"""3343447"""
199,"""9c4c1b8"""
200,"""ca2b5c4"""
201,"""cfe172e"""
202,"""76272df"""
203,"""7762254"""
204,"""ef7388d"""
205,"""4afdab7"""
206,"""90120bf"""
207,"""96730aa"""
208,"""df108de"""
209,"""7c41442"""
210,"""7ab8150"""
211,"""6d7f517"""
212,"""23535cb"""
213,"""1cb86fe"""
214,"""6ab2388"""
215,"""3743bf0"""
216,"""ec8aaec"""
217,"""404261b"""
218,"""62f0af8"""
219,"""6e09e60"""
220,"""0427e38"""
221,"""a61ff9d"""
222,"""600a979"""
223,"""5fe20f9"""
224,"""6023ec9"""
225,"""ba6beb0"""
226,"""da3052c"""
227,"""ee6ec78"""
228,"""e436b92"""
229,"""57a99c6"""
230,"""68383a8"""
231,"""a911bae"""
232,"""c15bb86"""
233,"""5996304"""
234,"""4d4acdb"""
235,"""cd38771"""
236,"""568c913"""
237,"""ef2e112"""
238,"""c49745a"""
239,"""733ec82"""
240,"""7b52b10"""
241,"""10b9893"""
242,"""632a495"""
243,"""063a5ae"""
244,"""1c9fdcf"""
245,"""242b391"""
246,"""e46290d"""
247,"""2ddb7fb"""
248,"""6739fb1"""
249,"""9de43f0"""
250,"""7cfc64e"""
251,"""6d658ef"""
252,"""12bae8f"""
253,"""71a203a"""
254,"""b3c8f55"""
255,"""b088056"""
256,"""4c84886"""
257,"""f213581"""
258,"""4e41c81"""
259,"""b80ebe1"""
260,"""8e48b93"""
261,"""7a6db9f"""
262,"""ef774e3"""
263,"""07cb03f"""
264,"""fcb3ab2"""
265,"""d583fb5"""
266,"""9f2a883"""
267,"""131b93e"""
268,"""9ac766b"""
269,"""29adb93"""
270,"""6cc470c"""
271,"""4be7fd5"""
272,"""0ac8060"""
273,"""24a3d04"""
274,"""c39e35e"""
275,"""628a81b"""
276,"""fba5084"""
277,"""922c5b7"""
278,"""9118f02"""
279,"""f357063"""
280,"""cd73ff6"""
281,"""51df5b3"""
282,"""b3bd2bc"""
283,"""c18ce06"""
284,"""ba2b108"""
285,"""50223ae"""
286,"""5d82482"""
287,"""93cea28"""
288,"""46d52dc"""
289,"""b95e283"""
290,"""623448f"""
291,"""1643e53"""
292,"""7238b9a"""
293,"""d190a22"""
294,"""1ee8a08"""
295,"""e1f298a"""
296,"""116bb43"""
297,"""1accbec"""
298,"""0a8366a"""
299,"""95c6cbf"""
300,"""58b8293"""
301,"""8e841b0"""
302,"""3a2dd43"""
303,"""6cec02f"""
304,"""c32368b"""
305,"""e7f4f83"""
306,"""f1bd91f"""
307,"""8f79d06"""
308,"""7d84f01"""
309,"""a5c06d2"""
310,"""04262a3"""
311,"""5386285"""
312,"""a704352"""
313,"""3c74774"""
314,"""98ffdff"""
315,"""e94ca49"""
316,"""00b0234"""
317,"""3a7a21b"""
318,"""3a7c557"""
319,"""6913848"""
320,"""b8f58f1"""
321,"""633ec6c"""
322,"""64bb4ff"""
323,"""3cd6348"""
324,"""110fa18"""
325,"""2ff0965"""
326,"""d02e9f7"""
327,"""bd9381b"""
328,"""23c4d81"""
329,"""8a7eeea"""
330,"""d2e0d42"""
331,"""a9a88b8"""
332,"""9703c06"""
333,"""7bb8239"""
334,"""56cc128"""
335,"""9959d0c"""
336,"""a843e91"""
337,"""2d0e45b"""
338,"""b33bff2"""
339,"""a95a1b1"""
340,"""ecca2cb"""
341,"""126ce12"""
342,"""ab1a13d"""
343,"""5829d4c"""
344,"""11128fd"""
345,"""2a820fc"""
346,"""afe4f2a"""
347,"""0563808"""
348,"""1bc0096"""
349,"""6ef1b0c"""
350,"""0171eeb"""
351,"""2c8d4cd"""
352,"""ab413d2"""
353,"""e6bb68d"""
354,"""7889383"""
355,"""bd23be0"""
356,"""230c2da"""
357,"""11ea692"""
358,"""f73c748"""
359,"""49c7ada"""
360,"""b7b5e3d"""
361,"""dd9fb37"""
362,"""2e5f2e1"""
363,"""e382eb7"""
364,"""24ffea8"""
365,"""d55952a"""
366,"""1e095c7"""
367,"""03a30ff"""
368,"""56229c7"""
369,"""94c9e64"""
370,"""0becde6"""
371,"""2a4579d"""
372,"""041791b"""
373,"""62ba180"""
374,"""83c1c0d"""
375,"""0ca3580"""
376,"""ff2caed"""
377,"""4cab56d"""
378,"""c43bb6b"""
379,"""356c994"""
380,"""da8e588"""
381,"""9c64a7a"""
382,"""fc631a1"""
383,"""20e642f"""
384,"""ce97875"""
385,"""6667888"""
386,"""088eda3"""
387,"""47f3188"""
388,"""5ad27f5"""
389,"""b7a822b"""
390,"""158ff32"""
391,"""6fda667"""
392,"""c514920"""
393,"""00ca089"""
394,"""ca87d05"""
395,"""008c84b"""
396,"""f57200c"""
397,"""39f7225"""
398,"""f1ef82a"""
399,"""50e6418"""
400,"""d624dc0"""
401,"""406d487"""
402,"""6b9d6b2"""
403,"""779784b"""
404,"""6399e2b"""
405,"""f375cdb"""
406,"""8c6e197"""
407,"""787b409"""
408,"""96d6ec3"""
409,"""5f9278f"""
410,"""e6e7fa3"""
411,"""9eab4eb"""
412,"""d289656"""
413,"""b488d94"""
414,"""c34aa96"""
415,"""a85f415"""
416,"""6d8b5ab"""
417,"""c76a665"""
418,"""d0beea5"""
419,"""edaded2"""
420,"""9b4341c"""
421,"""7d2b17d"""
422,"""3cc5a3c"""
423,"""b2202a2"""
424,"""adf04fc"""
425,"""a26759e"""
426,"""75513ed"""
427,"""589b8e3"""
428,"""bd3a4fc"""
429,"""6959e90"""
430,"""d5eed06"""
431,"""101d2ed"""
432,"""4d85784"""
433,"""508450a"""
434,"""8f2e68d"""
435,"""39f6f72"""
436,"""41316ce"""
437,"""90ec37b"""
438,"""1aadd55"""
439,"""729ac6d"""
440,"""eb64075"""
441,"""877289c"""
442,"""0cbc324"""
443,"""c69d8f2"""
444,"""2032253"""
445,"""47debcb"""
446,"""fabf33a"""
447,"""104b6be"""
448,"""64da3f5"""
449,"""4f36eee"""
450,"""2e1dd76"""
451,"""6e03ec6"""
452,"""5f0109b"""
453,"""cefc08f"""
454,"""bb05428"""
455,"""4d9643b"""
456,"""b8f9b67"""
457,"""c49dc9a"""
458,"""9ec6582"""
459,"""b603720"""
460,"""5f1f579"""
461,"""aeffdda"""
462,"""17376a4"""
463,"""c7baa73"""
464,"""c52a600"""
465,"""93d076a"""
466,"""1a91f4a"""
467,"""9fbf4c4"""
468,"""b62aa48"""
469,"""10a539c"""
470,"""a797b64"""
471,"""d9077b6"""
472,"""b03ecf8"""
473,"""6af0f9d"""
474,"""ad7d2c4"""
475,"""edc05e5"""
476,"""bd07f60"""
477,"""93947a9"""
478,"""22bd824"""
479,"""5dcf6da"""
480,"""91b419f"""
481,"""c365e64"""
482,"""e903110"""
483,"""7fad9e4"""
484,"""f25f40b"""
485,"""72c83bc"""
486,"""e5acea9"""
487,"""4bf0707"""
488,"""9a0e319"""
489,"""e0fbda5"""
490,"""0666da5"""
491,"""03ddf92"""
492,"""3bef82a"""
493,"""8c6268b"""
494,"""cddeb78"""
495,"""697d762"""
496,"""867cba7"""
497,"""4955cbe"""
498,"""68e94aa"""
499,"""ac13764"""
500,"""2cef98a"""
501,"""483f27c"""
502,"""e10860e"""
503,"""fc423fc"""
504,"""6388a54"""
505,"""5e127a7"""
506,"""d24a636"""
507,"""98baac9"""
508,"""9b8f833"""
509,"""d6edf14"""
510,"""d53cf9b"""
511,"""05632c6"""
512,"""8766b66"""
513,"""749dcbb"""
514,"""3943c67"""
515,"""93bb4d9"""
516,"""4a7a7fd"""
517,"""d04ea95"""
518,"""da94b1a"""
519,"""a69e178"""
520,"""86cacc7"""
521,"""cca9cf4"""
522,"""0fb9003"""
523,"""7e9b00f"""
524,"""7cdc2b0"""
525,"""2115c34"""
526,"""c73642f"""
527,"""bc257b5"""
528,"""f1e0d83"""
529,"""40245ba"""
530,"""902ba45"""
531,"""29a7a2f"""
532,"""bb1e879"""
533,"""dbf1443"""
534,"""68aa10b"""
535,"""3e1f9d7"""
536,"""6255054"""
537,"""754cab6"""
538,"""9001778"""
539,"""17eb077"""
540,"""927e4d8"""
541,"""c2cd79f"""
542,"""01ed202"""
543,"""c9de083"""
544,"""edc1d41"""
545,"""c964b39"""
546,"""9a6a711"""
547,"""809ded0"""
548,"""fc08d9d"""
549,"""3ddcb6d"""
550,"""ab1825f"""
551,"""b6cbab3"""
552,"""744cacb"""
553,"""418f062"""
554,"""1973870"""
555,"""14f2473"""
556,"""471657f"""
557,"""076beef"""
558,"""6fa8332"""
559,"""8169a03"""
560,"""8cc4ca9"""
561,"""1c60d01"""
562,"""9f779f6"""
563,"""03fde54"""
564,"""e5f4537"""
565,"""3b69948"""
566,"""e6d0d20"""
567,"""90aeba0"""
568,"""8d0095f"""
569,"""30decb7"""
570,"""57437d0"""
571,"""7bcc14e"""
572,"""7f3b8f0"""
573,"""ed119cb"""
574,"""05435be"""
575,"""969d8a7"""
576,"""ce770e1"""
577,"""0a2c07c"""
578,"""cf2bc9e"""
579,"""c2c24b7"""
580,"""e5c2b83"""
581,"""c052be9"""
582,"""ad93298"""
583,"""c2b846e"""
584,"""cb597de"""
585,"""93ae313"""
586,"""da7554e"""
587,"""e858bdb"""
588,"""1e10dd0"""
589,"""99aaa04"""
590,"""b84ffeb"""
591,"""97123aa"""
592,"""fa78e61"""
593,"""e7eb4c6"""
594,"""6d1bef5"""
595,"""3478811"""
596,"""df58f95"""
597,"""31b391c"""
598,"""0350ebe"""
599,"""b7180d5"""
